{"cameraMode":{"drawMode":0,"name":"Shaded","section":"Shading Mode"},"sceneLighting":false,"audioPlay":false,"sceneViewState":{"m_AlwaysRefresh":false,"showFog":true,"showSkybox":false,"showFlares":true,"showImageEffects":true,"showParticleSystems":true,"showVisualEffectGraphs":true,"m_FxEnabled":true},"in2DMode":false,"pivot":{"x":1.8782949447631837,"y":1.5099999904632569,"z":4.320000171661377},"rotation":{"x":0.13064636290073396,"y":0.0029224094469100239,"z":0.000009769514690560754,"w":0.9915751814842224},"size":0.8660253882408142,"orthographic":false}